DateTime,Wavelength,Irradiance
2024/11/11 18:00:00,Wavelength(nm),Irradiance(W/m2/um)
2024/11/11 18:00:00,300.00,-0.00
2024/11/11 18:00:00,301.00,-0.00
2024/11/11 18:00:00,302.00,-0.00
2024/11/11 18:00:00,303.00,0.00
2024/11/11 18:00:00,304.00,0.00
2024/11/11 18:00:00,305.00,0.00
2024/11/11 18:00:00,306.00,0.01
2024/11/11 18:00:00,307.00,0.00
2024/11/11 18:00:00,308.00,-0.00
2024/11/11 18:00:00,309.00,-0.00
2024/11/11 18:00:00,310.00,-0.00
2024/11/11 18:00:00,311.00,-0.00
2024/11/11 18:00:00,312.00,-0.00
2024/11/11 18:00:00,313.00,-0.00
2024/11/11 18:00:00,314.00,0.00
2024/11/11 18:00:00,315.00,0.01
2024/11/11 18:00:00,316.00,0.00
2024/11/11 18:00:00,317.00,0.00
2024/11/11 18:00:00,318.00,0.00
2024/11/11 18:00:00,319.00,0.00
2024/11/11 18:00:00,320.00,0.00
2024/11/11 18:00:00,321.00,-0.00
2024/11/11 18:00:00,322.00,-0.00
2024/11/11 18:00:00,323.00,-0.00
2024/11/11 18:00:00,324.00,0.00
2024/11/11 18:00:00,325.00,-0.00
2024/11/11 18:00:00,326.00,0.00
2024/11/11 18:00:00,327.00,0.00
2024/11/11 18:00:00,328.00,0.00
2024/11/11 18:00:00,329.00,0.00
2024/11/11 18:00:00,330.00,0.00
2024/11/11 18:00:00,331.00,0.00
2024/11/11 18:00:00,332.00,0.00
2024/11/11 18:00:00,333.00,0.00
2024/11/11 18:00:00,334.00,0.00
2024/11/11 18:00:00,335.00,0.00
2024/11/11 18:00:00,336.00,0.00
2024/11/11 18:00:00,337.00,0.00
2024/11/11 18:00:00,338.00,-0.00
2024/11/11 18:00:00,339.00,0.00
2024/11/11 18:00:00,340.00,0.00
2024/11/11 18:00:00,341.00,-0.00
2024/11/11 18:00:00,342.00,-0.00
2024/11/11 18:00:00,343.00,0.00
2024/11/11 18:00:00,344.00,0.00
2024/11/11 18:00:00,345.00,-0.00
2024/11/11 18:00:00,346.00,-0.00
2024/11/11 18:00:00,347.00,-0.01
2024/11/11 18:00:00,348.00,-0.00
2024/11/11 18:00:00,349.00,-0.00
2024/11/11 18:00:00,350.00,-0.00
2024/11/11 18:00:00,351.00,-0.00
2024/11/11 18:00:00,352.00,0.00
2024/11/11 18:00:00,353.00,-0.00
2024/11/11 18:00:00,354.00,-0.00
2024/11/11 18:00:00,355.00,-0.00
2024/11/11 18:00:00,356.00,-0.00
2024/11/11 18:00:00,357.00,-0.00
2024/11/11 18:00:00,358.00,-0.00
2024/11/11 18:00:00,359.00,-0.00
2024/11/11 18:00:00,360.00,-0.00
2024/11/11 18:00:00,361.00,0.00
2024/11/11 18:00:00,362.00,0.00
2024/11/11 18:00:00,363.00,-0.00
2024/11/11 18:00:00,364.00,-0.00
2024/11/11 18:00:00,365.00,0.00
2024/11/11 18:00:00,366.00,0.00
2024/11/11 18:00:00,367.00,0.00
2024/11/11 18:00:00,368.00,0.00
2024/11/11 18:00:00,369.00,0.00
2024/11/11 18:00:00,370.00,-0.00
2024/11/11 18:00:00,371.00,-0.00
2024/11/11 18:00:00,372.00,-0.00
2024/11/11 18:00:00,373.00,-0.00
2024/11/11 18:00:00,374.00,-0.00
2024/11/11 18:00:00,375.00,-0.00
2024/11/11 18:00:00,376.00,-0.00
2024/11/11 18:00:00,377.00,0.00
2024/11/11 18:00:00,378.00,0.00
2024/11/11 18:00:00,379.00,0.00
2024/11/11 18:00:00,380.00,-0.00
2024/11/11 18:00:00,381.00,-0.00
2024/11/11 18:00:00,382.00,-0.00
2024/11/11 18:00:00,383.00,-0.00
2024/11/11 18:00:00,384.00,-0.00
2024/11/11 18:00:00,385.00,-0.00
2024/11/11 18:00:00,386.00,-0.00
2024/11/11 18:00:00,387.00,-0.00
2024/11/11 18:00:00,388.00,-0.00
2024/11/11 18:00:00,389.00,-0.00
2024/11/11 18:00:00,390.00,0.00
2024/11/11 18:00:00,391.00,0.00
2024/11/11 18:00:00,392.00,0.00
2024/11/11 18:00:00,393.00,-0.00
2024/11/11 18:00:00,394.00,-0.00
2024/11/11 18:00:00,395.00,-0.00
2024/11/11 18:00:00,396.00,-0.00
2024/11/11 18:00:00,397.00,-0.00
2024/11/11 18:00:00,398.00,-0.00
2024/11/11 18:00:00,399.00,-0.00
2024/11/11 18:00:00,400.00,-0.00
2024/11/11 18:00:00,401.00,-0.00
2024/11/11 18:00:00,402.00,-0.00
2024/11/11 18:00:00,403.00,-0.00
2024/11/11 18:00:00,404.00,-0.00
2024/11/11 18:00:00,405.00,-0.00
2024/11/11 18:00:00,406.00,-0.00
2024/11/11 18:00:00,407.00,-0.00
2024/11/11 18:00:00,408.00,0.00
2024/11/11 18:00:00,409.00,0.00
2024/11/11 18:00:00,410.00,0.00
2024/11/11 18:00:00,411.00,0.00
2024/11/11 18:00:00,412.00,0.00
2024/11/11 18:00:00,413.00,0.00
2024/11/11 18:00:00,414.00,-0.00
2024/11/11 18:00:00,415.00,-0.00
2024/11/11 18:00:00,416.00,-0.00
2024/11/11 18:00:00,417.00,-0.00
2024/11/11 18:00:00,418.00,-0.00
2024/11/11 18:00:00,419.00,-0.00
2024/11/11 18:00:00,420.00,-0.00
2024/11/11 18:00:00,421.00,0.00
2024/11/11 18:00:00,422.00,-0.00
2024/11/11 18:00:00,423.00,0.00
2024/11/11 18:00:00,424.00,0.00
2024/11/11 18:00:00,425.00,0.01
2024/11/11 18:00:00,426.00,0.00
2024/11/11 18:00:00,427.00,0.00
2024/11/11 18:00:00,428.00,0.00
2024/11/11 18:00:00,429.00,-0.00
2024/11/11 18:00:00,430.00,-0.00
2024/11/11 18:00:00,431.00,-0.00
2024/11/11 18:00:00,432.00,-0.00
2024/11/11 18:00:00,433.00,0.00
2024/11/11 18:00:00,434.00,0.00
2024/11/11 18:00:00,435.00,-0.00
2024/11/11 18:00:00,436.00,-0.00
2024/11/11 18:00:00,437.00,0.00
2024/11/11 18:00:00,438.00,0.00
2024/11/11 18:00:00,439.00,0.00
2024/11/11 18:00:00,440.00,0.00
2024/11/11 18:00:00,441.00,0.01
2024/11/11 18:00:00,442.00,0.01
2024/11/11 18:00:00,443.00,0.01
2024/11/11 18:00:00,444.00,0.00
2024/11/11 18:00:00,445.00,0.00
2024/11/11 18:00:00,446.00,0.00
2024/11/11 18:00:00,447.00,0.00
2024/11/11 18:00:00,448.00,-0.01
2024/11/11 18:00:00,449.00,-0.01
2024/11/11 18:00:00,450.00,-0.00
2024/11/11 18:00:00,451.00,-0.00
2024/11/11 18:00:00,452.00,-0.00
2024/11/11 18:00:00,453.00,0.01
2024/11/11 18:00:00,454.00,0.01
2024/11/11 18:00:00,455.00,0.02
2024/11/11 18:00:00,456.00,0.01
2024/11/11 18:00:00,457.00,0.01
2024/11/11 18:00:00,458.00,0.01
2024/11/11 18:00:00,459.00,0.00
2024/11/11 18:00:00,460.00,-0.01
2024/11/11 18:00:00,461.00,-0.01
2024/11/11 18:00:00,462.00,-0.01
2024/11/11 18:00:00,463.00,-0.00
2024/11/11 18:00:00,464.00,-0.01
2024/11/11 18:00:00,465.00,-0.01
2024/11/11 18:00:00,466.00,-0.00
2024/11/11 18:00:00,467.00,-0.01
2024/11/11 18:00:00,468.00,-0.01
2024/11/11 18:00:00,469.00,-0.01
2024/11/11 18:00:00,470.00,-0.00
2024/11/11 18:00:00,471.00,0.01
2024/11/11 18:00:00,472.00,0.00
2024/11/11 18:00:00,473.00,0.00
2024/11/11 18:00:00,474.00,0.01
2024/11/11 18:00:00,475.00,0.01
2024/11/11 18:00:00,476.00,-0.00
2024/11/11 18:00:00,477.00,-0.01
2024/11/11 18:00:00,478.00,-0.01
2024/11/11 18:00:00,479.00,-0.01
2024/11/11 18:00:00,480.00,0.00
2024/11/11 18:00:00,481.00,0.01
2024/11/11 18:00:00,482.00,0.01
2024/11/11 18:00:00,483.00,0.02
2024/11/11 18:00:00,484.00,0.01
2024/11/11 18:00:00,485.00,0.01
2024/11/11 18:00:00,486.00,0.00
2024/11/11 18:00:00,487.00,0.00
2024/11/11 18:00:00,488.00,0.00
2024/11/11 18:00:00,489.00,0.00
2024/11/11 18:00:00,490.00,0.00
2024/11/11 18:00:00,491.00,0.00
2024/11/11 18:00:00,492.00,-0.00
2024/11/11 18:00:00,493.00,0.01
2024/11/11 18:00:00,494.00,0.00
2024/11/11 18:00:00,495.00,-0.00
2024/11/11 18:00:00,496.00,0.01
2024/11/11 18:00:00,497.00,0.02
2024/11/11 18:00:00,498.00,0.01
2024/11/11 18:00:00,499.00,0.01
2024/11/11 18:00:00,500.00,0.02
2024/11/11 18:00:00,501.00,0.01
2024/11/11 18:00:00,502.00,0.02
2024/11/11 18:00:00,503.00,0.01
2024/11/11 18:00:00,504.00,0.01
2024/11/11 18:00:00,505.00,0.01
2024/11/11 18:00:00,506.00,-0.00
2024/11/11 18:00:00,507.00,-0.01
2024/11/11 18:00:00,508.00,-0.01
2024/11/11 18:00:00,509.00,-0.00
2024/11/11 18:00:00,510.00,0.01
2024/11/11 18:00:00,511.00,0.01
2024/11/11 18:00:00,512.00,0.01
2024/11/11 18:00:00,513.00,0.01
2024/11/11 18:00:00,514.00,0.01
2024/11/11 18:00:00,515.00,-0.00
2024/11/11 18:00:00,516.00,-0.01
2024/11/11 18:00:00,517.00,-0.00
2024/11/11 18:00:00,518.00,-0.01
2024/11/11 18:00:00,519.00,-0.01
2024/11/11 18:00:00,520.00,-0.02
2024/11/11 18:00:00,521.00,-0.01
2024/11/11 18:00:00,522.00,0.00
2024/11/11 18:00:00,523.00,0.01
2024/11/11 18:00:00,524.00,0.00
2024/11/11 18:00:00,525.00,0.01
2024/11/11 18:00:00,526.00,0.02
2024/11/11 18:00:00,527.00,0.01
2024/11/11 18:00:00,528.00,-0.00
2024/11/11 18:00:00,529.00,-0.01
2024/11/11 18:00:00,530.00,-0.01
2024/11/11 18:00:00,531.00,-0.01
2024/11/11 18:00:00,532.00,-0.01
2024/11/11 18:00:00,533.00,-0.00
2024/11/11 18:00:00,534.00,0.00
2024/11/11 18:00:00,535.00,0.01
2024/11/11 18:00:00,536.00,0.01
2024/11/11 18:00:00,537.00,0.00
2024/11/11 18:00:00,538.00,0.00
2024/11/11 18:00:00,539.00,0.01
2024/11/11 18:00:00,540.00,0.00
2024/11/11 18:00:00,541.00,-0.00
2024/11/11 18:00:00,542.00,0.00
2024/11/11 18:00:00,543.00,0.01
2024/11/11 18:00:00,544.00,0.01
2024/11/11 18:00:00,545.00,0.01
2024/11/11 18:00:00,546.00,0.02
2024/11/11 18:00:00,547.00,0.02
2024/11/11 18:00:00,548.00,0.02
2024/11/11 18:00:00,549.00,0.00
2024/11/11 18:00:00,550.00,-0.00
2024/11/11 18:00:00,551.00,0.00
2024/11/11 18:00:00,552.00,0.01
2024/11/11 18:00:00,553.00,0.01
2024/11/11 18:00:00,554.00,0.01
2024/11/11 18:00:00,555.00,0.01
2024/11/11 18:00:00,556.00,0.02
2024/11/11 18:00:00,557.00,0.00
2024/11/11 18:00:00,558.00,-0.01
2024/11/11 18:00:00,559.00,-0.02
2024/11/11 18:00:00,560.00,-0.02
2024/11/11 18:00:00,561.00,-0.02
2024/11/11 18:00:00,562.00,-0.02
2024/11/11 18:00:00,563.00,-0.01
2024/11/11 18:00:00,564.00,0.01
2024/11/11 18:00:00,565.00,0.01
2024/11/11 18:00:00,566.00,-0.00
2024/11/11 18:00:00,567.00,-0.01
2024/11/11 18:00:00,568.00,0.00
2024/11/11 18:00:00,569.00,0.01
2024/11/11 18:00:00,570.00,0.01
2024/11/11 18:00:00,571.00,0.01
2024/11/11 18:00:00,572.00,0.02
2024/11/11 18:00:00,573.00,0.01
2024/11/11 18:00:00,574.00,0.01
2024/11/11 18:00:00,575.00,0.00
2024/11/11 18:00:00,576.00,-0.00
2024/11/11 18:00:00,577.00,-0.00
2024/11/11 18:00:00,578.00,0.00
2024/11/11 18:00:00,579.00,-0.01
2024/11/11 18:00:00,580.00,-0.00
2024/11/11 18:00:00,581.00,-0.00
2024/11/11 18:00:00,582.00,-0.01
2024/11/11 18:00:00,583.00,-0.02
2024/11/11 18:00:00,584.00,-0.01
2024/11/11 18:00:00,585.00,-0.00
2024/11/11 18:00:00,586.00,-0.00
2024/11/11 18:00:00,587.00,-0.01
2024/11/11 18:00:00,588.00,-0.00
2024/11/11 18:00:00,589.00,-0.00
2024/11/11 18:00:00,590.00,0.00
2024/11/11 18:00:00,591.00,-0.00
2024/11/11 18:00:00,592.00,-0.01
2024/11/11 18:00:00,593.00,-0.01
2024/11/11 18:00:00,594.00,-0.01
2024/11/11 18:00:00,595.00,-0.02
2024/11/11 18:00:00,596.00,-0.02
2024/11/11 18:00:00,597.00,-0.01
2024/11/11 18:00:00,598.00,-0.00
2024/11/11 18:00:00,599.00,-0.00
2024/11/11 18:00:00,600.00,-0.00
2024/11/11 18:00:00,601.00,0.01
2024/11/11 18:00:00,602.00,0.02
2024/11/11 18:00:00,603.00,0.02
2024/11/11 18:00:00,604.00,0.01
2024/11/11 18:00:00,605.00,0.01
2024/11/11 18:00:00,606.00,0.01
2024/11/11 18:00:00,607.00,-0.00
2024/11/11 18:00:00,608.00,-0.00
2024/11/11 18:00:00,609.00,0.00
2024/11/11 18:00:00,610.00,0.00
2024/11/11 18:00:00,611.00,0.01
2024/11/11 18:00:00,612.00,0.01
2024/11/11 18:00:00,613.00,0.01
2024/11/11 18:00:00,614.00,0.01
2024/11/11 18:00:00,615.00,0.02
2024/11/11 18:00:00,616.00,0.01
2024/11/11 18:00:00,617.00,0.01
2024/11/11 18:00:00,618.00,0.01
2024/11/11 18:00:00,619.00,0.01
2024/11/11 18:00:00,620.00,-0.00
2024/11/11 18:00:00,621.00,-0.02
2024/11/11 18:00:00,622.00,-0.00
2024/11/11 18:00:00,623.00,0.00
2024/11/11 18:00:00,624.00,0.00
2024/11/11 18:00:00,625.00,0.01
2024/11/11 18:00:00,626.00,0.01
2024/11/11 18:00:00,627.00,0.01
2024/11/11 18:00:00,628.00,0.02
2024/11/11 18:00:00,629.00,0.01
2024/11/11 18:00:00,630.00,0.01
2024/11/11 18:00:00,631.00,0.02
2024/11/11 18:00:00,632.00,0.01
2024/11/11 18:00:00,633.00,0.01
2024/11/11 18:00:00,634.00,0.00
2024/11/11 18:00:00,635.00,0.00
2024/11/11 18:00:00,636.00,-0.00
2024/11/11 18:00:00,637.00,-0.01
2024/11/11 18:00:00,638.00,-0.02
2024/11/11 18:00:00,639.00,-0.01
2024/11/11 18:00:00,640.00,0.00
2024/11/11 18:00:00,641.00,-0.01
2024/11/11 18:00:00,642.00,-0.01
2024/11/11 18:00:00,643.00,-0.01
2024/11/11 18:00:00,644.00,-0.01
2024/11/11 18:00:00,645.00,-0.01
2024/11/11 18:00:00,646.00,-0.02
2024/11/11 18:00:00,647.00,-0.01
2024/11/11 18:00:00,648.00,-0.00
2024/11/11 18:00:00,649.00,-0.00
2024/11/11 18:00:00,650.00,-0.01
2024/11/11 18:00:00,651.00,-0.01
2024/11/11 18:00:00,652.00,-0.01
2024/11/11 18:00:00,653.00,-0.02
2024/11/11 18:00:00,654.00,-0.02
2024/11/11 18:00:00,655.00,-0.02
2024/11/11 18:00:00,656.00,-0.01
2024/11/11 18:00:00,657.00,0.01
2024/11/11 18:00:00,658.00,0.01
2024/11/11 18:00:00,659.00,0.01
2024/11/11 18:00:00,660.00,0.02
2024/11/11 18:00:00,661.00,0.01
2024/11/11 18:00:00,662.00,0.00
2024/11/11 18:00:00,663.00,-0.01
2024/11/11 18:00:00,664.00,-0.01
2024/11/11 18:00:00,665.00,0.00
2024/11/11 18:00:00,666.00,-0.00
2024/11/11 18:00:00,667.00,-0.00
2024/11/11 18:00:00,668.00,-0.00
2024/11/11 18:00:00,669.00,0.01
2024/11/11 18:00:00,670.00,0.00
2024/11/11 18:00:00,671.00,-0.00
2024/11/11 18:00:00,672.00,-0.01
2024/11/11 18:00:00,673.00,-0.00
2024/11/11 18:00:00,674.00,-0.00
2024/11/11 18:00:00,675.00,-0.01
2024/11/11 18:00:00,676.00,-0.01
2024/11/11 18:00:00,677.00,0.00
2024/11/11 18:00:00,678.00,-0.01
2024/11/11 18:00:00,679.00,-0.01
2024/11/11 18:00:00,680.00,-0.01
2024/11/11 18:00:00,681.00,-0.01
2024/11/11 18:00:00,682.00,-0.00
2024/11/11 18:00:00,683.00,0.00
2024/11/11 18:00:00,684.00,0.00
2024/11/11 18:00:00,685.00,0.01
2024/11/11 18:00:00,686.00,0.02
2024/11/11 18:00:00,687.00,0.01
2024/11/11 18:00:00,688.00,0.01
2024/11/11 18:00:00,689.00,0.01
2024/11/11 18:00:00,690.00,0.01
2024/11/11 18:00:00,691.00,-0.00
2024/11/11 18:00:00,692.00,-0.01
2024/11/11 18:00:00,693.00,-0.00
2024/11/11 18:00:00,694.00,0.01
2024/11/11 18:00:00,695.00,0.01
2024/11/11 18:00:00,696.00,0.00
2024/11/11 18:00:00,697.00,0.00
2024/11/11 18:00:00,698.00,0.01
2024/11/11 18:00:00,699.00,0.01
2024/11/11 18:00:00,700.00,0.00
2024/11/11 18:00:00,701.00,-0.00
2024/11/11 18:00:00,702.00,0.00
2024/11/11 18:00:00,703.00,0.01
2024/11/11 18:00:00,704.00,0.00
2024/11/11 18:00:00,705.00,0.01
2024/11/11 18:00:00,706.00,0.02
2024/11/11 18:00:00,707.00,0.00
2024/11/11 18:00:00,708.00,-0.00
2024/11/11 18:00:00,709.00,-0.00
2024/11/11 18:00:00,710.00,-0.02
2024/11/11 18:00:00,711.00,-0.00
2024/11/11 18:00:00,712.00,-0.01
2024/11/11 18:00:00,713.00,-0.01
2024/11/11 18:00:00,714.00,0.00
2024/11/11 18:00:00,715.00,0.03
2024/11/11 18:00:00,716.00,0.01
2024/11/11 18:00:00,717.00,0.00
2024/11/11 18:00:00,718.00,0.01
2024/11/11 18:00:00,719.00,0.01
2024/11/11 18:00:00,720.00,-0.01
2024/11/11 18:00:00,721.00,-0.01
2024/11/11 18:00:00,722.00,0.00
2024/11/11 18:00:00,723.00,0.00
2024/11/11 18:00:00,724.00,0.00
2024/11/11 18:00:00,725.00,0.01
2024/11/11 18:00:00,726.00,-0.00
2024/11/11 18:00:00,727.00,0.01
2024/11/11 18:00:00,728.00,0.01
2024/11/11 18:00:00,729.00,0.01
2024/11/11 18:00:00,730.00,0.01
2024/11/11 18:00:00,731.00,0.03
2024/11/11 18:00:00,732.00,0.03
2024/11/11 18:00:00,733.00,0.01
2024/11/11 18:00:00,734.00,-0.00
2024/11/11 18:00:00,735.00,0.00
2024/11/11 18:00:00,736.00,-0.01
2024/11/11 18:00:00,737.00,-0.00
2024/11/11 18:00:00,738.00,-0.00
2024/11/11 18:00:00,739.00,0.01
2024/11/11 18:00:00,740.00,0.02
2024/11/11 18:00:00,741.00,0.01
2024/11/11 18:00:00,742.00,0.00
2024/11/11 18:00:00,743.00,0.00
2024/11/11 18:00:00,744.00,0.01
2024/11/11 18:00:00,745.00,-0.01
2024/11/11 18:00:00,746.00,-0.03
2024/11/11 18:00:00,747.00,-0.02
2024/11/11 18:00:00,748.00,-0.02
2024/11/11 18:00:00,749.00,-0.02
2024/11/11 18:00:00,750.00,-0.04
2024/11/11 18:00:00,751.00,-0.03
2024/11/11 18:00:00,752.00,-0.03
2024/11/11 18:00:00,753.00,-0.04
2024/11/11 18:00:00,754.00,-0.05
2024/11/11 18:00:00,755.00,-0.03
2024/11/11 18:00:00,756.00,0.01
2024/11/11 18:00:00,757.00,0.00
2024/11/11 18:00:00,758.00,-0.01
2024/11/11 18:00:00,759.00,0.01
2024/11/11 18:00:00,760.00,0.02
2024/11/11 18:00:00,761.00,0.02
2024/11/11 18:00:00,762.00,-0.01
2024/11/11 18:00:00,763.00,0.01
2024/11/11 18:00:00,764.00,-0.01
2024/11/11 18:00:00,765.00,-0.02
2024/11/11 18:00:00,766.00,-0.03
2024/11/11 18:00:00,767.00,-0.02
2024/11/11 18:00:00,768.00,-0.02
2024/11/11 18:00:00,769.00,-0.02
2024/11/11 18:00:00,770.00,-0.05
2024/11/11 18:00:00,771.00,-0.04
2024/11/11 18:00:00,772.00,-0.00
2024/11/11 18:00:00,773.00,0.01
2024/11/11 18:00:00,774.00,0.01
2024/11/11 18:00:00,775.00,0.02
2024/11/11 18:00:00,776.00,0.03
2024/11/11 18:00:00,777.00,0.02
2024/11/11 18:00:00,778.00,-0.00
2024/11/11 18:00:00,779.00,-0.01
2024/11/11 18:00:00,780.00,-0.01
2024/11/11 18:00:00,781.00,-0.01
2024/11/11 18:00:00,782.00,-0.03
2024/11/11 18:00:00,783.00,-0.03
2024/11/11 18:00:00,784.00,-0.02
2024/11/11 18:00:00,785.00,-0.00
2024/11/11 18:00:00,786.00,-0.01
2024/11/11 18:00:00,787.00,0.00
2024/11/11 18:00:00,788.00,0.02
2024/11/11 18:00:00,789.00,-0.00
2024/11/11 18:00:00,790.00,0.00
2024/11/11 18:00:00,791.00,-0.02
2024/11/11 18:00:00,792.00,-0.02
2024/11/11 18:00:00,793.00,-0.01
2024/11/11 18:00:00,794.00,-0.01
2024/11/11 18:00:00,795.00,-0.02
2024/11/11 18:00:00,796.00,-0.00
2024/11/11 18:00:00,797.00,0.04
2024/11/11 18:00:00,798.00,0.03
2024/11/11 18:00:00,799.00,0.03
2024/11/11 18:00:00,800.00,0.06
2024/11/11 18:00:00,801.00,0.06
2024/11/11 18:00:00,802.00,0.05
2024/11/11 18:00:00,803.00,0.04
2024/11/11 18:00:00,804.00,0.03
2024/11/11 18:00:00,805.00,0.01
2024/11/11 18:00:00,806.00,0.02
2024/11/11 18:00:00,807.00,-0.01
2024/11/11 18:00:00,808.00,-0.01
2024/11/11 18:00:00,809.00,0.02
2024/11/11 18:00:00,810.00,0.01
2024/11/11 18:00:00,811.00,-0.02
2024/11/11 18:00:00,812.00,-0.03
2024/11/11 18:00:00,813.00,-0.03
2024/11/11 18:00:00,814.00,-0.05
2024/11/11 18:00:00,815.00,-0.07
2024/11/11 18:00:00,816.00,-0.04
2024/11/11 18:00:00,817.00,0.00
2024/11/11 18:00:00,818.00,0.04
2024/11/11 18:00:00,819.00,0.03
2024/11/11 18:00:00,820.00,0.02
2024/11/11 18:00:00,821.00,0.02
2024/11/11 18:00:00,822.00,-0.02
2024/11/11 18:00:00,823.00,-0.03
2024/11/11 18:00:00,824.00,-0.05
2024/11/11 18:00:00,825.00,-0.02
2024/11/11 18:00:00,826.00,-0.02
2024/11/11 18:00:00,827.00,-0.01
2024/11/11 18:00:00,828.00,-0.03
2024/11/11 18:00:00,829.00,-0.01
2024/11/11 18:00:00,830.00,0.01
2024/11/11 18:00:00,831.00,0.01
2024/11/11 18:00:00,832.00,0.01
2024/11/11 18:00:00,833.00,0.03
2024/11/11 18:00:00,834.00,0.02
2024/11/11 18:00:00,835.00,0.00
2024/11/11 18:00:00,836.00,-0.01
2024/11/11 18:00:00,837.00,0.00
2024/11/11 18:00:00,838.00,-0.00
2024/11/11 18:00:00,839.00,0.01
2024/11/11 18:00:00,840.00,0.01
2024/11/11 18:00:00,841.00,0.03
2024/11/11 18:00:00,842.00,0.03
2024/11/11 18:00:00,843.00,0.02
2024/11/11 18:00:00,844.00,-0.00
2024/11/11 18:00:00,845.00,0.02
2024/11/11 18:00:00,846.00,0.00
2024/11/11 18:00:00,847.00,0.02
2024/11/11 18:00:00,848.00,0.02
2024/11/11 18:00:00,849.00,0.03
2024/11/11 18:00:00,850.00,0.03
2024/11/11 18:00:00,851.00,0.02
2024/11/11 18:00:00,852.00,0.00
2024/11/11 18:00:00,853.00,0.01
2024/11/11 18:00:00,854.00,0.01
2024/11/11 18:00:00,855.00,0.01
2024/11/11 18:00:00,856.00,0.00
2024/11/11 18:00:00,857.00,0.02
2024/11/11 18:00:00,858.00,0.01
2024/11/11 18:00:00,859.00,-0.00
2024/11/11 18:00:00,860.00,-0.02
2024/11/11 18:00:00,861.00,-0.01
2024/11/11 18:00:00,862.00,-0.01
2024/11/11 18:00:00,863.00,-0.01
2024/11/11 18:00:00,864.00,-0.01
2024/11/11 18:00:00,865.00,0.00
2024/11/11 18:00:00,866.00,0.01
2024/11/11 18:00:00,867.00,0.00
2024/11/11 18:00:00,868.00,-0.00
2024/11/11 18:00:00,869.00,-0.01
2024/11/11 18:00:00,870.00,-0.01
2024/11/11 18:00:00,871.00,-0.02
2024/11/11 18:00:00,872.00,-0.03
2024/11/11 18:00:00,873.00,-0.02
2024/11/11 18:00:00,874.00,-0.02
2024/11/11 18:00:00,875.00,-0.02
2024/11/11 18:00:00,876.00,-0.02
2024/11/11 18:00:00,877.00,-0.00
2024/11/11 18:00:00,878.00,0.01
2024/11/11 18:00:00,879.00,0.01
2024/11/11 18:00:00,880.00,0.00
2024/11/11 18:00:00,881.00,0.01
2024/11/11 18:00:00,882.00,0.00
2024/11/11 18:00:00,883.00,-0.01
2024/11/11 18:00:00,884.00,-0.01
2024/11/11 18:00:00,885.00,-0.00
2024/11/11 18:00:00,886.00,0.00
2024/11/11 18:00:00,887.00,0.01
2024/11/11 18:00:00,888.00,0.01
2024/11/11 18:00:00,889.00,0.01
2024/11/11 18:00:00,890.00,0.01
2024/11/11 18:00:00,891.00,0.01
2024/11/11 18:00:00,892.00,-0.01
2024/11/11 18:00:00,893.00,0.00
2024/11/11 18:00:00,894.00,0.01
2024/11/11 18:00:00,895.00,0.01
2024/11/11 18:00:00,896.00,0.00
2024/11/11 18:00:00,897.00,0.01
2024/11/11 18:00:00,898.00,0.01
2024/11/11 18:00:00,899.00,0.02
2024/11/11 18:00:00,900.00,0.01
2024/11/11 18:00:00,901.00,0.02
2024/11/11 18:00:00,902.00,0.01
2024/11/11 18:00:00,903.00,0.00
2024/11/11 18:00:00,904.00,-0.00
2024/11/11 18:00:00,905.00,0.00
2024/11/11 18:00:00,906.00,-0.00
2024/11/11 18:00:00,907.00,0.00
2024/11/11 18:00:00,908.00,0.00
2024/11/11 18:00:00,909.00,0.01
2024/11/11 18:00:00,910.00,0.01
2024/11/11 18:00:00,911.00,0.01
2024/11/11 18:00:00,912.00,-0.00
2024/11/11 18:00:00,913.00,-0.00
2024/11/11 18:00:00,914.00,-0.01
2024/11/11 18:00:00,915.00,-0.01
2024/11/11 18:00:00,916.00,-0.01
2024/11/11 18:00:00,917.00,0.00
2024/11/11 18:00:00,918.00,0.00
2024/11/11 18:00:00,919.00,0.01
2024/11/11 18:00:00,920.00,0.00
2024/11/11 18:00:00,921.00,0.02
2024/11/11 18:00:00,922.00,0.01
2024/11/11 18:00:00,923.00,0.00
2024/11/11 18:00:00,924.00,-0.01
2024/11/11 18:00:00,925.00,-0.01
2024/11/11 18:00:00,926.00,-0.01
2024/11/11 18:00:00,927.00,-0.00
2024/11/11 18:00:00,928.00,-0.01
2024/11/11 18:00:00,929.00,0.01
2024/11/11 18:00:00,930.00,0.00
2024/11/11 18:00:00,931.00,-0.01
2024/11/11 18:00:00,932.00,-0.01
2024/11/11 18:00:00,933.00,-0.00
2024/11/11 18:00:00,934.00,-0.00
2024/11/11 18:00:00,935.00,0.00
2024/11/11 18:00:00,936.00,0.00
2024/11/11 18:00:00,937.00,0.01
2024/11/11 18:00:00,938.00,0.02
2024/11/11 18:00:00,939.00,0.02
2024/11/11 18:00:00,940.00,0.02
2024/11/11 18:00:00,941.00,0.02
2024/11/11 18:00:00,942.00,0.02
2024/11/11 18:00:00,943.00,0.01
2024/11/11 18:00:00,944.00,0.01
2024/11/11 18:00:00,945.00,0.01
2024/11/11 18:00:00,946.00,0.00
2024/11/11 18:00:00,947.00,-0.00
2024/11/11 18:00:00,948.00,-0.01
2024/11/11 18:00:00,949.00,-0.01
2024/11/11 18:00:00,950.00,-0.00
2024/11/11 18:00:00,951.00,-0.00
2024/11/11 18:00:00,952.00,0.00
2024/11/11 18:00:00,953.00,0.01
2024/11/11 18:00:00,954.00,0.02
2024/11/11 18:00:00,955.00,0.01
2024/11/11 18:00:00,956.00,0.01
2024/11/11 18:00:00,957.00,0.01
2024/11/11 18:00:00,958.00,-0.00
2024/11/11 18:00:00,959.00,-0.01
2024/11/11 18:00:00,960.00,-0.00
2024/11/11 18:00:00,961.00,0.00
2024/11/11 18:00:00,962.00,0.02
2024/11/11 18:00:00,963.00,0.01
2024/11/11 18:00:00,964.00,0.02
2024/11/11 18:00:00,965.00,0.02
2024/11/11 18:00:00,966.00,0.03
2024/11/11 18:00:00,967.00,0.01
2024/11/11 18:00:00,968.00,0.01
2024/11/11 18:00:00,969.00,0.00
2024/11/11 18:00:00,970.00,-0.00
2024/11/11 18:00:00,971.00,-0.01
2024/11/11 18:00:00,972.00,-0.01
2024/11/11 18:00:00,973.00,-0.00
2024/11/11 18:00:00,974.00,-0.00
2024/11/11 18:00:00,975.00,-0.01
2024/11/11 18:00:00,976.00,0.00
2024/11/11 18:00:00,977.00,0.00
2024/11/11 18:00:00,978.00,-0.00
2024/11/11 18:00:00,979.00,-0.00
2024/11/11 18:00:00,980.00,-0.00
2024/11/11 18:00:00,981.00,-0.01
2024/11/11 18:00:00,982.00,-0.01
2024/11/11 18:00:00,983.00,-0.01
2024/11/11 18:00:00,984.00,-0.01
2024/11/11 18:00:00,985.00,-0.01
2024/11/11 18:00:00,986.00,0.01
2024/11/11 18:00:00,987.00,0.01
2024/11/11 18:00:00,988.00,0.01
2024/11/11 18:00:00,989.00,0.01
2024/11/11 18:00:00,990.00,0.00
2024/11/11 18:00:00,991.00,-0.01
2024/11/11 18:00:00,992.00,-0.01
2024/11/11 18:00:00,993.00,-0.01
2024/11/11 18:00:00,994.00,-0.02
2024/11/11 18:00:00,995.00,-0.03
2024/11/11 18:00:00,996.00,-0.02
2024/11/11 18:00:00,997.00,-0.02
2024/11/11 18:00:00,998.00,-0.02
2024/11/11 18:00:00,999.00,-0.02
2024/11/11 18:00:00,1000.00,-0.01
2024/11/11 18:00:00,1001.00,-0.00
2024/11/11 18:00:00,1002.00,-0.01
2024/11/11 18:00:00,1003.00,-0.00
2024/11/11 18:00:00,1004.00,-0.00
2024/11/11 18:00:00,1005.00,0.01
2024/11/11 18:00:00,1006.00,0.00
2024/11/11 18:00:00,1007.00,0.01
2024/11/11 18:00:00,1008.00,0.01
2024/11/11 18:00:00,1009.00,0.02
2024/11/11 18:00:00,1010.00,0.01
2024/11/11 18:00:00,1011.00,0.02
2024/11/11 18:00:00,1012.00,0.01
2024/11/11 18:00:00,1013.00,0.02
2024/11/11 18:00:00,1014.00,-0.00
2024/11/11 18:00:00,1015.00,0.00
2024/11/11 18:00:00,1016.00,0.00
2024/11/11 18:00:00,1017.00,-0.00
2024/11/11 18:00:00,1018.00,-0.01
2024/11/11 18:00:00,1019.00,-0.02
2024/11/11 18:00:00,1020.00,-0.02
2024/11/11 18:00:00,1021.00,-0.01
2024/11/11 18:00:00,1022.00,-0.02
2024/11/11 18:00:00,1023.00,0.00
2024/11/11 18:00:00,1024.00,0.00
2024/11/11 18:00:00,1025.00,0.01
2024/11/11 18:00:00,1026.00,-0.01
2024/11/11 18:00:00,1027.00,0.00
2024/11/11 18:00:00,1028.00,0.01
2024/11/11 18:00:00,1029.00,-0.00
2024/11/11 18:00:00,1030.00,-0.00
2024/11/11 18:00:00,1031.00,0.01
2024/11/11 18:00:00,1032.00,-0.00
2024/11/11 18:00:00,1033.00,0.00
2024/11/11 18:00:00,1034.00,-0.00
2024/11/11 18:00:00,1035.00,-0.02
2024/11/11 18:00:00,1036.00,-0.01
2024/11/11 18:00:00,1037.00,-0.02
2024/11/11 18:00:00,1038.00,-0.03
2024/11/11 18:00:00,1039.00,-0.01
2024/11/11 18:00:00,1040.00,-0.01
2024/11/11 18:00:00,1041.00,-0.02
2024/11/11 18:00:00,1042.00,-0.01
2024/11/11 18:00:00,1043.00,0.01
2024/11/11 18:00:00,1044.00,0.02
2024/11/11 18:00:00,1045.00,0.01
2024/11/11 18:00:00,1046.00,0.02
2024/11/11 18:00:00,1047.00,0.02
2024/11/11 18:00:00,1048.00,0.01
2024/11/11 18:00:00,1049.00,-0.00
2024/11/11 18:00:00,1050.00,0.01
2024/11/11 18:00:00,1051.00,0.00
2024/11/11 18:00:00,1052.00,-0.00
2024/11/11 18:00:00,1053.00,-0.01
2024/11/11 18:00:00,1054.00,0.01
2024/11/11 18:00:00,1055.00,0.02
2024/11/11 18:00:00,1056.00,0.03
2024/11/11 18:00:00,1057.00,0.02
2024/11/11 18:00:00,1058.00,0.02
2024/11/11 18:00:00,1059.00,0.02
2024/11/11 18:00:00,1060.00,0.03
2024/11/11 18:00:00,1061.00,0.01
2024/11/11 18:00:00,1062.00,0.01
2024/11/11 18:00:00,1063.00,0.00
2024/11/11 18:00:00,1064.00,0.02
2024/11/11 18:00:00,1065.00,-0.03
2024/11/11 18:00:00,1066.00,-0.02
2024/11/11 18:00:00,1067.00,-0.03
2024/11/11 18:00:00,1068.00,-0.09
2024/11/11 18:00:00,1069.00,-0.10
2024/11/11 18:00:00,1070.00,-0.09
2024/11/11 18:00:00,1071.00,-0.10
2024/11/11 18:00:00,1072.00,-0.11
2024/11/11 18:00:00,1073.00,-0.08
2024/11/11 18:00:00,1074.00,-0.02
2024/11/11 18:00:00,1075.00,-0.00
2024/11/11 18:00:00,1076.00,0.02
2024/11/11 18:00:00,1077.00,0.05
2024/11/11 18:00:00,1078.00,0.06
2024/11/11 18:00:00,1079.00,0.04
2024/11/11 18:00:00,1080.00,-0.01
2024/11/11 18:00:00,1081.00,0.00
2024/11/11 18:00:00,1082.00,0.03
2024/11/11 18:00:00,1083.00,0.04
2024/11/11 18:00:00,1084.00,0.05
2024/11/11 18:00:00,1085.00,0.05
2024/11/11 18:00:00,1086.00,0.01
2024/11/11 18:00:00,1087.00,-0.00
2024/11/11 18:00:00,1088.00,-0.06
2024/11/11 18:00:00,1089.00,-0.04
2024/11/11 18:00:00,1090.00,-0.01
2024/11/11 18:00:00,1091.00,0.01
2024/11/11 18:00:00,1092.00,0.03
2024/11/11 18:00:00,1093.00,0.07
2024/11/11 18:00:00,1094.00,0.07
2024/11/11 18:00:00,1095.00,0.01
2024/11/11 18:00:00,1096.00,0.02
2024/11/11 18:00:00,1097.00,-0.01
2024/11/11 18:00:00,1098.00,-0.05
2024/11/11 18:00:00,1099.00,0.01
2024/11/11 18:00:00,1100.00,0.07
